{
  "name": "Saleae Measurements V2",
  "apiVersion": "1.1.0",
  "author": "Saleae",
  "version": "0.0.2",
  "description": "Saleae built-in V2 Measurements",
  "extensions": {
    "Voltage Measurements": {
      "type": "AnalogMeasurement",
      "entryPoint": "measurements.VoltageMeasurer"
    },
    "Pulse Measurements": {
      "type": "AnalogMeasurement",
      "entryPoint": "measurements.PulseMeasurer"
    },
    "Time Measurements": {
      "type": "AnalogMeasurement",
      "entryPoint": "measurements.TimeMeasurer"
    }
  }
}
